product_master_id,subproduct_id,operation_id,operation_name,sub_operation
1,1,41,Raw Material,Bandsaw Cutting
1,1,1,Blanking,Facing+Centring+OD Turning-1st & 2nd Side
1,1,19,Drill+Tap,Driling+Tapping-1st & 2nd Side
1,1,,Heat Treatment,Roll Hardening
1,1,30,Hard Turning-1,Rough Centring+OD Turning-1st & 2nd Side
1,1,44,Stress Relieve,Stress Relieve
1,1,31,Hard Turning-2,Facing+Centring+journal Turning-1st & 2nd Side
1,1,21,Grinding,Berral+Journal-2nd Side
1,1,20,Fitter work,Final re-tapping work (Manual)
1,1,,QAD,Final Inspection
1,2,41,Raw Material,Bandsaw Cutting
1,2,1,Blanking,Facing+Centring+OD Turning+Groove-1st Side <br> Facing+Centring+OD Turning 2nd Side
1,2,19,Drill+Tap,Driling+Tapping-1st & 2nd Side
1,2,,Heat Treatment,Roll Hardening
1,2,30,Hard Turning-1,Rough Centring+OD Turning-1st & 2nd Side
1,2,44,Stress Relieve,Stress Relieve
1,2,31,Hard Turning-2,Facing+Centring+journal Turning-1st Side  <br> Facing+Centring+journal Turning+Groove-2nd Side
1,2,21,Grinding,Berral Grinding
1,2,20,Fitter work,Final re-tapping work (Manual)
1,2,,QAD,Final Inspection
,,,,
1,3,41,Raw Material,Bandsaw cutting
1,3,1,Blanking,Facing+Centering+OD Turning+Groove-1st & 2nd Side
1,3,19,Drill+Tap,Driling+Tapping-1st & 2nd Side
1,3,,Heat Treatment,Roll Hardening
1,3,30,Hard Turning-1,Rough Centering+OD Turning-1st & 2nd Side.
1,3,44,Stress Relieve,Stress Relieve
1,3,31,Hard Turning-2,Facing+Centering+ Journals Turning+grove-1st & 2nd side.
1,3,21,Grinding,Berral+Journal
1,3,20,Fitter work,Final re-tapping work (Manual)
1,3,,QAD,Final Inspection
,,,,
2,4,41,Raw Material,Bandsaw cutting
2,4,1,Blanking,Facing+Centering+OD Turning-1st & 2nd Side
2,4,19,Drill+Tap,Driling+Tapping-1st & 2nd Side
2,4,,Heat Treatment,Roll Hardening
2,4,29,Hard Turning,Facing+Centring+ OD+journal Turning-1st & 2nd side.
2,4,21,Grinding,Berral+Journal-1st side <br> Journal - 2nd Side
2,4,20,Fitter work,Final re-tapping work (Manual)
2,4,,QAD,Final Inspection
2,5,41,Raw Material,Bandsaw cutting
2,5,1,Blanking,Facing+Centering+OD Turning-1st Side <br> Facing+Centering+OD Turning+Grove-2nd Side
2,5,19,Drill+Tap,Driling+Tapping-1st & 2nd Side
2,5,,Heat Treatment,Roll Hardening
2,5,29,Hard Turning,Facing+Centering+ OD+journals Turning-1st side <br> Facing+Centering+OD+journals Turning +grove-2nd Side.
2,5,21,Grinding,Berral grinding + journal 1st side. <br> Journal+Facing- 2nd Side
2,5,20,Fitter work,Final re-tapping work (Manual)
2,5,,QAD,Final Inspection
2,6,41,Raw Material,Bandsaw cutting
2,6,1,Blanking,Facing+Centering+OD Turning+Grove-1st & 2nd Side
2,6,19,Drill+Tap,Driling+Tapping-1st & 2nd Side
2,6,,Heat Treatment,Roll Hardening
2,6,29,Hard Turning,Facing+Centering+ OD+journals Turning+grove-1st & 2nd side.
2,6,21,Grinding,Berral grinding <br> Journal Facing- 1st Side. <br> Journal+Facing- 2nd Side.
2,6,20,Fitter work,Final re-tapping work (Manual)
2,6,,QAD,Final Inspection
2,7,41,Raw Material,Bandsaw cutting
2,7,1,Blanking,Facing+Centering+OD Turning+Grove-1st & 2nd Side
2,7,19,Drill+Tap,Driling+Tapping-1st & 2nd Side
2,7,,Heat Treatment,Roll Hardening
2,7,30,Hard Turning-1,Facing+Centering+ OD+journals Turning+grove-1st & 2nd side. <br> Coupling Hardturning.
2,7,22,Grinding-1,Bore Semi-final & Final Grinding of coupling <br> Both side journal final & Berral semi final grinding only of roll.
2,7,20,Fitter work,Coupling fitting with roll. (Manual)
2,7,31,Hard Turning-2,Coupling Centering & length+Facing with respect of roll.
2,7,23,Grinding-2,Berral grinding with coupling <br> Journal Dia & Facing grinding - Both Side.
2,7,24,Grinding-3,Separate for facing (for finger dia) grinding
2,7,20,Fitter Work,Final re-tapping work. (Manual)
2,7,,QAD,Final Inspection
2,8,41,Raw Material,Bandsaw cutting
2,8,1,Blanking,Facing+Centering+OD Turning+Grove-1st & 2nd Side
2,8,19,Drill+Tap,Driling+Tapping-1st & 2nd Side
2,8,,Heat Treatment,Roll Hardening
2,8,30,Hard Turning-1,Facing+Centering+ OD+journals Turning+grove-1st & 2nd side <br> Coupling Hardturning.
2,8,22,Grinding-1,Bore Semi-final & Final Grinding of coupling <br> Both side journal final & Berral semi final grinding only of roll
2,8,20,Fitter work,Coupling fitting with roll. (Manual)
2,8,31,Hard Turning-2,Coupling Centering & length+Facing with respect of roll.
2,8,23,Grinding-2,Berral grinding with coupling. <br> Journal Dia & Facing grinding - Both Side.
2,8,24,Grinding-3,Separate for facing (for finger dia) grinding.
2,8,20,Fitter Work,Final re-tapping work. (Manual)
2,8,,QAD,Final Inspection
3,9,41,Raw Material,Bandsaw cutting
3,9,1,Blanking,Facing+Centering+OD Turning+journal-1st & 2nd Side
3,9,19,Drill+Tap,Drilling+Tapping -both Side
3,9,,Heat Treatment,Roll Hardening
3,9,30,Hard Turning-1,Berral Turning + Facing & centering + length - 1st Side <br> Facing+Centering+journals Turning - 2nd Side.
3,9,31,Hard Turning-2,Only Centering-2nd Side.
3,9,22,Grinding-1,Semi final Berral+journal grinding. <br> final grinding of Neckring journal dia.
3,9,37,Milling,Din Spline cutting (outside Vendor).
3,9,,Other Work,Neckring Shink Fitting on journal diameter.
3,9,23,Grinding-2,Berral+journal grinding-1st side. <br> Neckring & journal grinding-2nd side
3,9,32,Manual lathe,Final rework (barrel radius near to spline diameter.)
3,9,20,Fitter work,Final re-tapping work+ spline chamfer. (Manual)
3,9,,QAD,Final inspection.
3,10,,Raw Material,Bandsaw cutting
3,10,,Blanking,Facing+Centering+OD Turning+journal-1st & 2nd Side <br> Soft spline cutting on HMC milling.
3,10,,Drill+Tap,Drilling+Tapping -both Side
3,10,,Heat Treatment,Roll Hardening
3,10,,Hard Turning,OD+Centring+journals Turning - Ist Side. <br> Facing+Centring+journals Turning - 2nd Side.
3,10,,Grinding-1,Spline face grinding.
3,10,,Milling,final Hard Spline on HMC Milling.
3,10,,Grinding-2,Berral+spline dia grinding. <br> End journal grinding-2nd side
3,10,,Manual lathe,Final rework (barrel radius near to spline diameter).
3,10,,Fitter work,Final re-tapping work (Manual)
3,10,,QAD,Final inspection.
4,11,,Raw Material,Bandsaw cutting
4,11,,Blanking,Facing+Centering+OD Turning+journal-1st & 2nd Side
4,11,,Drill+Tap,Driling+Tapping-1st & 2nd Side
4,11,,Heat Treatment,Roll Hardening
4,11,,Hard Turning,Facing+Centering+OD+ journals Turning-1st side <br> Facing+Centering+journals Turning -2nd Side.
4,11,,Grinding-1,Final grinding Neckring diameter of roll.
4,11,,Other Work,Neckring shink fitting on final journal dia of roll.
4,11,,Grinding-2,Berral+ necring & Journal-1st Side. <br> Journal- 2nd Side.
4,11,,Fitter work,Final re-tapping work. (Manual)
4,11,,Manual lathe,Final rework (if require in necring.)
4,11,,QAD,Final Inspection
5,12,,Raw Material,Bandsaw cutting
5,12,,Blanking,Facing+Centering+OD Turning-1st & 2nd Side
5,12,,Drill+Tap,Driling+Tapping-1st & 2nd Side
5,12,,Heat Treatment,Roll Hardening
5,12,,Hard Turning-1,Rough Centering+OD Turning-1st & 2nd Side
5,12,,Stress Relieve,Stress Relieve
5,12,,Hard Turning-2,Facing+Centering+ Journals Turning-1st & 2nd Side
5,12,,Grinding,Berral+Journal - 1st Side <br> Journal - 2nd Side
5,12,,Fitter work,Final re-tapping work.
5,12,,QAD,Final Inspection
6,13,,Raw Material,Bandsaw cutting
6,13,,Blanking,Facing+Centering+OD Turning-1st & 2nd Side
6,13,,Drill+ Tap,Driling+Tapping-1st & 2nd Side
6,13,,Heat Treatment,Roll Hardening
6,13,,Hard Turning-1,Rough Centering+OD Turning-1st & 2nd Side.
6,13,,Stress Relieve,Stress Relieve
6,13,,Hard Turning-2,Facing+Centering+ Journals Turning-1st & 2nd side.
6,13,,Grinding,Berral+Journal grinding - 1st side <br> Journal Grinding 2nd Side
6,13,,Fitter work,Final re-tapping work (Manual)
6,13,,QAD,Final Inspection
1,14,,Raw Material,Bandsaw cutting
1,14,,Blanking,Facing+Centering+OD Turning+journal-1st & 2nd Side
1,14,,Drill+Tap,Drilling+Tapping -both Side
1,14,,Heat Treatment,Roll Hardening
1,14,,Hard Turning-1,Length+Facing+Centering both side
1,14,,Hard Turning-2,Barrel+Short side Journal hard turning+grove+thread 1st side <br> Long side Journal hard turning+grove+thread-2nd side.
1,14,,Milling,Flate+Keyway+Drill work+Face spline
1,14,,Grinding,Berral+Journal - 1st & 2nd Side
1,14,,Other Work,Shink Fitting on journal diameter (Manual)
1,14,,Manual lathe,Final rework in necring -1st & 2nd Side
1,14,,Fitter work,Final tapping work (Manual)
1,14,,QAD,FINAL INSPECTION
2,15,,Raw Material,Bandsaw cutting
2,15,,Blanking,Facing+Centering+OD Turning+journal-1st & 2nd Side
2,15,,Drill+Tap,Drilling+Tapping -both Side
2,15,,Heat Treatment,Roll Hardening
2,15,,Hard Turning-1,Length+Facing+Centering both side
2,15,,Hard Turning-2,Barrel+Short side Journal hard turning+grove+thread 1st side <br> Long side Journal hard turning+grove+thread-2nd side.
2,15,,Milling,Flate+Keyway+Drill work+Face Spline
2,15,,Grinding,Berral+Jouranal-1st Side. <br> All Journal - 2nd Side
2,15,,Other Work,Shink Fitting on journal diameter (Manual)
2,15,,Manual lathe,Final rework in necring -1st & 2nd Side
2,15,,Fitter work,Final tapping work (Manual)
2,15,,QAD,FINAL INSPECTION
9,16,,Raw Material,Bandsaw cutting
9,16,,Blanking,Facing+Centering+OD Turning+journal-1st & 2nd Side
9,16,,Drill+Tap,Drilling+Tapping -both Side
9,16,,Heat Treatment,Roll Hardening
9,16,,Hard Turning-1,Length+Facing+Centering both side
9,16,,Hard Turning-2,Barrel+Short side Journal hard turning+grove+thread 1st side <br> Long side Journal hard turning+grove+thread-2nd side.
9,16,,Milling,Flate+Keyway+Drill work.
9,16,,Grinding,Berral+Jouranal-1st Side. <br> All Journal - 2nd Side
9,16,,Other Work,Shink Fitting on journal diameter (Manual)
9,16,,Manual lathe,Final rework of step & groove of necring-1st & 2nd side.
9,16,,Fitter work,Final tapping work (Manual)
9,16,,QAD,FINAL INSPECTION
10,17,,Raw Material,Bandsaw cutting
10,17,,Blanking,Facing+Centering+OD Turning+journal-1st & 2nd Side
10,17,,Heat Treatment,Roll Hardening
10,17,,Manual lathe-1,Centering + facing+Length+drilling+ jounal turning both side.
10,17,,Hard Turning,"Barrel+Short side Journal hard turning+grove+thread 1st side
Long side Journal hard turning+grove+thread-2nd side."
10,17,,Milling,Flate+Keyway+Drill work
10,17,,Grinding,"Berral+Jouranal-1st Side.
All Journal - 2nd Side"
10,17,,Manual lathe-2,Final rework Step+Groove+Threading.
10,17,,Fitter work,Final tapping work (Manual)
10,17,,QAD,FINAL INSPECTION
3,18,,Raw Material,Bandsaw cutting
3,18,,Blanking,Facing+Centering+OD Turning+journal-1st & 2nd Side
3,18,,Drill+Tap,Drilling+Tapping -both Side
3,18,,Heat Treatment,Roll Hardening
3,18,,Hard Turning-1,Length+Facing+Centering both side
3,18,,Hard Turning-2,Barrel+Short side Journal hard turning+grove+thread 1st side <br> Long side Journal hard turning+grove+thread-2nd side.
3,18,,Milling,Flate+Keyway+Drill work.
3,18,,Grinding,Berral+Jouranal-one Side <br> All journal+spline dia-2nd side.
3,18,,Manual lathe,Final rework
3,18,,Fitter work,Final tapping work (Manual)
3,18,,QAD,FINAL INSPECTION
3,19,,Raw Material,Bandsaw cutting
3,19,,Blanking,Facing+Centering+OD Turning+journal-1st & 2nd Side
3,19,,Milling-1,Soft spline cutting on HMC milling.
3,19,,Drill+Tap,Drilling+Tapping -both Side
3,19,,Heat Treatment,Roll Hardening
3,19,,Hard Turning-1,Length+Facing+Centering both side
3,19,,Hard Turning-2,Barrel+Short side Journal hard turning+grove+thread 1st side <br> Long side Journal hard turning+grove+thread-2nd side.
3,19,,Milling-2,Flate+Keyway+Drill work.
3,19,,Grinding,Berral+Jouranal-1st Side <br> All journal+spline dia-2nd side.
3,19,,Manual lathe,Final rework of spline radius & groove-1st side. <br> Final rework of spline radius & groove-2nd side.
3,19,,Fitter work,Final Spline chamfer Finishing & tapping work.
3,19,,QAD,FINAL INSPECTION
12,20,,Raw Material,Bandsaw cutting
12,20,,Blanking,Facing+Centering+OD Turning+journal-1st & 2nd Side
12,20,,Drill+Tap,Drilling+Tapping -both Side
12,20,,Heat Treatment,Roll Hardening
12,20,,Manual lathe-1,Centering + facing+Length+drilling+ jounal turning both side.
12,20,,Hard Turning,Barrel+Short side Journal hard turning+grove+thread 1st side <br> Long side Journal hard turning+grove+thread 2nd side.
12,20,,Milling,Drilling+Tapping+Flate+Keyway.
12,20,,Grinding,Berral+Jouranal-one Side <br> All Jouranal-2nd Side.
12,20,,Manual lathe-2,Final rework Step+Groove+Threading.
12,20,,Fitter work,Final tapping work (Manual)
12,20,,QAD,FINAL INSPECTION
13,21,,Raw Material,Bandsaw cutting
13,21,,Blanking,Facing+Centering+OD Turning+journal-1st & 2nd Side
13,21,,Drill+Tap,Drilling+Tapping -both Side
13,21,,Heat Treatment,Roll Hardening
13,21,,Manual Lathe-1,Barrel + Journal Turning 1st & 2nd Side
13,21,,Manual Lathe-2,Both side Centering + facing+ Length+drilling+ jounal turning
13,21,,Milling-1,Milling Work both side journal.(flat & Key way)
13,21,,Grinding,Berral+Jouranal-1st Side <br> Journal - 2nd Side
13,21,,Manual Lathe-3,Final rework both side (Step+Groove+Threading-both side).
13,21,,Manual Lathe-4,Step+Groove-2nd side.
13,21,,Fitter work,Final tapping work (Manual)
13,21,,QAD,FINAL INSPECTION
,,,,
13,22,,Raw Material,Bandsaw cutting
13,22,,Blanking,Facing+Centering+OD Turning+journal-1st & 2nd Side
13,22,,Drill+Tap,Centering+Drilling-both Side.
13,22,,Heat Treatment,Roll Hardening
13,22,,Manual Lathe-1,Barrel Turning.
13,22,,Manual Lathe-2,Both side Length+Chamfering + facing+ drilling+ jounal turning.
13,22,,Grinding-1,Semi final Barrel grinding.
13,22,,Grinding-2,Boring grinding 1st & 2nd side.
13,22,,Grinding-3,Berral+Jouranal-1st & 2nd Side
13,22,,Manual Lathe-3,Final rework
13,22,,QAD,FINAL INSPECTION
,,,,
13,23,,Raw Material,Bandsaw cutting
13,23,,Blanking,Facing+Centering+OD Turning+journal-1st & 2nd Side
13,23,,Drill+Tap,Drilling+Tapping -both Side
13,23,,Heat Treatment,Roll Hardening
13,23,,Manual Lathe-1,Length+Centering + facing+ drilling+ jounal turning both side.
13,23,,Milling,Flat + Keyway
13,23,,Grinding,Berral + Journal - Both Side
13,23,,Manual Lathe-2,Step+Groove+Threading both side.
13,23,,Fitter work,Final tapping work (Manual)
13,23,,QAD,FINAL INSPECTION
,,,,
13,24,,Raw Material,Bandsaw cutting
13,24,,Blanking,Facing+Centering+OD Turning+journal-1st & 2nd Side
13,24,,Drill+Tap,Centering+Drilling-both Side.
13,24,,Heat Treatment,Roll Hardening
13,24,,Manual Lathe-1,Length+Centering + facing+ drilling+ jounal turning both side.
13,24,,Grinding-1,Semi final grinding.
13,24,,Grinding-2,Boring grinding 1st & 2nd side.
13,24,,Grinding-3,Berral+Jouranal-1st & 2nd Side
13,24,,Manual Lathe-2,Final Rework - Both Side
13,24,,QAD,FINAL INSPECTION
,,,,
14,25,,Raw Material,Bandsaw cutting
14,25,,Blanking,Thickness+OD+Bore+Profile <br> Keyway
14,25,,Heat Treatment,Roll Hardening
14,25,,Hard Turning-1,Length+Facing+Bore hard turning.
14,25,,Grinding,Bore Grinding
14,25,,Hard turning-2,Profile Hardturning
14,25,,Manual lathe,Final rework- (Polish+Step Remove).
14,25,,QAD,FINAL INSPECTION
,,,,
14,26,,Raw Material,Bandsaw cutting
14,26,,Blanking,"Thickness+OD+Bore+Profile of Roll <br> Keyway of Roll <br> OD+Length,facing+journal turning of shaft."
14,26,,Heat Treatment-1,Roll Hardning & shaft turning.
14,26,,Hard Turning-1,Length+Facing+Bore hard turning of roll <br> Length facing +centering tuning of shaft.
14,26,,Grinding-1,Final Bore Grinding
14,26,,Milling,Keyway+Drilling of shaft
14,26,,Grinding-2,Only final berral grinding of shaft
14,26,,Heat Treatment-2,Shrink Fitting of roll & shaft.
14,26,,Grinding-3,Shaft Semifinal Grinding on Journal
14,26,,Hard turning-2,Profile Hardturning
14,26,,Grinding-4,Final grinding all Journal of shaft
14,26,,Manual lathe,Final rework- (Polish+Step Remove).
14,26,,Fitter work,Final tapping work (Manual)
14,26,,QAD,FINAL INSPECTION
,,,,
14,"27, 28",,Raw Material,Bandsaw cutting
15,"27, 29",,Blanking,OD+Length+journal turning.
16,"27, 30",,Heat Treatment,Shaft Hardning
17,"27, 31",,Manual lathe,Facing + centering + length turning.
18,"27, 32",,Hard Turning,Od+ Journal & Barrel Turning + Threading-1st side. <br> Journal & Barrel Turning + Threading-2nd side.
19,"27, 33",,Milling,Keyway+Drill work
20,"27, 34",,Grinding,Barrel & journal Grinding.
21,"27, 35",,Manual lathe,Final rework- (Threading & oil Groove).
22,"27, 36",,Fitter work,Final tapping work (Manual)
23,"27, 37",,QAD,Final Inspection.
,,,,
16,29,,Raw Material-1,Bandsaw cutting
16,29,,Raw Material-2,Shear Blades Parting
16,29,,Blanking-1,Thickness 1st side <br> Thickness 2nd side
16,29,,Blanking-2,Width 1st side  <br> Width 2nd side
16,29,,Blanking-3,Length 1st side  <br> Length 2nd side
16,29,,Blanking-4,Plain slot 1st side  <br> Plain slot 2nd side
16,29,,Blanking-5,Angular slot 1st side  <br> Angular slot 2nd side
16,29,,Blanking-6,Plain Hole
16,29,,Blanking-7,Hole+Tapping
16,29,,Blanking-8,Hole + Countersunk Counter 1st side  <br> Countersunk Counter 2nd side
16,29,,Blanking-9,Hole + Round Counter 1st side  <br> Round Counter 2nd side
16,29,,Blanking-10,Elliptical Hole
16,29,,Blanking-11,Round Hole + Elliptical Counter 1st side  <br> Elliptical Counter 2nd side
16,29,,Blanking-12,Elliptical Hole + Elliptical Counter 1st side <br> Elliptical Counter 2nd side
16,29,,Blanking-13,Key Way Rectangular - Slotter
16,29,,Blanking-14,Key Way Round - Milling
16,29,,Blanking-15,Round Profile on Width one side only
16,29,,Blanking-16,Bevel Cutting on Width 1st side  <br> Bevel Cutting on Width 2nd side
16,29,,Blanking-17,Hole on Length 1st side Face <br> Hole on Length 2nd side Face
16,29,,Heat Treatment,Blades Hardening
16,29,,Grinding-1,Semifinal Grinding Thickness 1st side <br> Semifinal Grinding Thickness 2nd side
16,29,,Grinding-2,Semifinal Grinding Width 1st side <br> Semifinal Grinding Width 2nd side
16,29,,Grinding-3,Face Grinding
16,29,,Grinding-4,Degree 1st side <br> Degree 2nd side
16,29,,Grinding-5,Bevel 1st side <br> Bevel 2nd side
16,29,,Milling-1,Hard Milling on Profile.
16,29,,Milling-2,Hard Milling on Bevel.
16,29,,Milling-3,Wire cutting on profile.
16,29,,Buffing,Counter Rework & Buffing & profile buffing
16,29,,Grinding-6,Final Grinding Thickness 1st side <br> Final Grinding Thickness 2nd side
16,29,,Grinding-7,Final Grinding Width 1st side <br> Final Grinding Width 2nd side
16,29,,QAD,FINAL INSPECTION
,,,,
9,30,,Raw Material,Bandsaw cutting
9,30,,Blanking,Facing+Centering+OD Turning+journal-1st & 2nd Side
9,30,,Heat Treatment,Roll Hardening
9,30,,Hard Turning-1,Length+Facing+Centering both side
9,30,,Hard Turning-2,Barrel+Short side Journal hard turning+grove+thread 1st side. <br> Long side Journal hard turning+grove+thread-2nd side.
9,30,,Milling,Flate+Keyway+Drill work
9,30,,Grinding,Berral+Jouranal-1st Side. <br> All Jouranal-2nd Side.
9,30,,Other Work,Shink Fitting on journal diameter (Manual)
9,30,,Manual lathe,Final rework of step & groove of necring-1st & 2nd side.
9,30,,Fitter work,Final tapping work (Manual)
9,30,,QAD,FINAL INSPECTION
,,,,
1,31,,Raw Material,Bandsaw cutting
1,31,,Blanking,Facing+Centering+OD Turning+journal-1st & 2nd Side
1,31,,Drill+Tap,Drilling+Tapping -both Side
1,31,,Heat Treatment,Roll Hardening
1,31,,Hard Turning-1,Length+Facing+Centering both side
1,31,,Hard Turning-2,Barrel+Short side Journal hard turning+grove+thread 1st side. <br> Long side Journal hard turning+grove+thread-2nd side.
1,31,,Milling,Flate+Keyway+Drill work+Face Spline
1,31,,Grinding,Berral+Jouranal-1st & 2nd Side.
1,31,,Other Work,Shink Fitting on journal diameter (Manual)
1,31,,Manual lathe,Final rework in necring -1st & 2nd side.
1,31,,Fitter work,Final tapping work (Manual)
1,31,,QAD,FINAL INSPECTION
,,,,
19,32,,Raw Material,Bandsaw cutting
19,32,,Blanking,Facing+Centering+OD Turning+journal-1st & 2nd Side
19,32,,Heat Treatment,Roll Hardening
19,32,,Manual lathe-1,Centering + facing+Length+drilling+ jounal turning both side.
19,32,,Hard Turning,Barrel+Short side Journal hard turning+grove+thread 1st side. <br> Long side Journal hard turning+grove+thread-2nd side.
19,32,,Milling,Flate+Keyway+Drill work
19,32,,Grinding,Berral+Jouranal-1st Side <br> All Journal - 2nd Side
19,32,,Manual lathe-2,Final rework of Step+Groove.
19,32,,Fitter work,Final tapping work (Manual)
19,32,,QAD,FINAL INSPECTION
,,,,
2,33,,Raw Material,Bandsaw cutting
2,33,,Blanking,Facing+Centering+OD Turning+journal-1st & 2nd Side
2,33,,Drill+Tap,Drilling+Tapping -both Side
2,33,,Heat Treatment,Roll Hardening
2,33,,Hard Turning-1,Length+Facing+Centering both side
2,33,,Hard Turning-2,Barrel+Short side Journal hard turning+grove+thread 1st side. <br> Long side Journal hard turning+grove+thread-2nd side.
2,33,,Milling,Flate+Keyway+Drill work+Face Spline
2,33,,Grinding,Berral+Jouranal-1st Side <br> All Journal - 2nd Side
2,33,,Other Work,Shink Fitting on journal diameter (Manual)
2,33,,Manual lathe-1,Final rework in necring -1st & 2nd side.
2,33,,Fitter work,Final tapping work (Manual)
2,33,,QAD,FINAL INSPECTION
