product_master_id,subproduct_id,operation_id,operation_name,sub_product,unit
,,,,,TMR
21,34,,Cutting,Cutting,TMR
21,34,,U Drilling,Core Drilling,TMR
21,34,,CNC Blanking - 1,"Clamp the job from OD - Perform - Facing, Boring, Partial OD Turning",TMR
21,34,,CNC Blanking - 2,Facing+Partial OD Turning,TMR
21,34,,CNC Blanking - 3,"Clamp the job from OD - Perform - Facing, Boring, Partial OD Turning",TMR
21,34,,CNC Blanking - 4,OD Turning,TMR
21,34,,Profile Digging,Profile Digging,TMR
21,34,,Profile Finishing,Profile Finishing,TMR
21,34,,Drilling,Drilling,TMR
21,34,,Taping,Taping,TMR
21,34,,Counter,Counter,TMR
21,34,,Thread Milling,Thread Milling,TMR
21,34,,Hard Milling,Hard Milling,TMR
21,34,,Keyway Slotting,Keyway Slotting,TMR
21,34,,Round Keyway Milling,Round Keyway Milling,TMR
21,34,,Keyway Chamfering,Keyway Chamfering,TMR
21,34,,PHT Inspection,PHT Inspection,TMR
21,34,,Heat Treatment,Heat Treatment,TMR
21,34,,Thickness Grinding Single Side Only,Thickness Grinding Single Side Only,TMR
21,34,,Thickness Grinding Both Side,Thickness Grinding Both Side,TMR
21,34,,Bore Turning With Under Cut - Single Side,Bore Turning With Under Cut - Single Side,TMR
21,34,,Bore Turning Both Side,Bore Turning Both Side,TMR
21,34,,Bore Grinding with Under Cut - Single Side,Bore Grinding with Under Cut - Single Side,TMR
21,34,,Bore Grinding Both Side,Bore Grinding Both Side,TMR
21,34,,Keyway Wirecut,Keyway Wirecut,TMR
21,34,,Bearing Seat - Single Side,Bearing Seat - Single Side,TMR
21,34,,Plain Bore Turning Both Side,Plain Bore Turning Both Side,TMR
21,34,,Plain Bore Turning with Under Cut - Single Side,Plain Bore Turning with Under Cut - Single Side,TMR
21,34,,Bore Turning with Keyway - Both Side,Bore Turning with Keyway - Both Side,TMR
21,34,,Bore Turning with Keyway & Under Cut - Single Side,Bore Turning with Keyway & Under Cut - Single Side,TMR
21,34,,Thickness Turning - Single Side,Thickness Turning - Single Side,TMR
21,34,,Hard Turning Profile,Hard Turning Profile - 1,TMR
21,34,,Hard Turning Profile Matching on CNC,Hard Turning Profile Matching on CNC,TMR
21,34,,Rib Thickness/Boss OD - Both Side,Rib Thickness/Boss OD - Both Side,TMR
21,34,,Template Matching,Template Matching,TMR
21,34,,"Final OD, Final Angle","Final OD, Final Angle",TMR
21,34,,Bevel Grinding,Bevel Grinding,TMR
22,35,,Cutting,Cutting,
22,35,,U Drilling,Core Drilling,
22,35,,CNC Blanking - 1,"Clamp the job from OD - Perform - Facing, Boring, Partial OD Turning",
22,35,,CNC Blanking - 2,Facing+Partial OD Turning,
22,35,,CNC Blanking - 3,"Clamp the job from OD - Perform - Facing, Boring, Partial OD Turning",
22,35,,CNC Blanking - 4,OD Turning,
22,35,,Profile Digging,Profile Digging,
22,35,,Profile Finishing,Profile Finishing,
22,35,,Drilling,Drilling,
22,35,,Taping,Taping,
22,35,,Counter,Counter,
22,35,,Thread Milling,Thread Milling,
22,35,,Hard Milling,Hard Milling,
22,35,,Keyway Slotting,Keyway Slotting,
22,35,,Round Keyway Milling,Round Keyway Milling,
22,35,,Keyway Chamfering,Keyway Chamfering,
22,35,,PHT Inspection,PHT Inspection,
22,35,,Heat Treatment,Heat Treatment,
22,35,,Thickness Grinding Single Side Only,Thickness Grinding Single Side Only,
22,35,,Thickness Grinding Both Side,Thickness Grinding Both Side,
22,35,,Bore Turning With Under Cut - Single Side,Bore Turning With Under Cut - Single Side,
22,35,,Bore Turning Both Side,Bore Turning Both Side,
22,35,,Bore Grinding with Under Cut - Single Side,Bore Grinding with Under Cut - Single Side,
22,35,,Bore Grinding Both Side,Bore Grinding Both Side,
22,35,,Keyway Wirecut,Keyway Wirecut,
22,35,,Bearing Seat - Single Side,Bearing Seat - Single Side,
22,35,,Plain Bore Turning Both Side,Plain Bore Turning Both Side,
22,35,,Plain Bore Turning with Under Cut - Single Side,Plain Bore Turning with Under Cut - Single Side,
22,35,,Bore Turning with Keyway - Both Side,Bore Turning with Keyway - Both Side,
22,35,,Bore Turning with Keyway & Under Cut - Single Side,Bore Turning with Keyway & Under Cut - Single Side,
22,35,,Thickness Turning - Single Side,Thickness Turning - Single Side,
22,35,,Hard Turning Profile,Hard Turning Profile - 1,
22,35,,Hard Turning Profile Matching on CNC,Hard Turning Profile Matching on CNC,
22,35,,Rib Thickness/Boss OD - Both Side,Rib Thickness/Boss OD - Both Side,
22,35,,Template Matching,Template Matching,
22,35,,"Final OD, Final Angle","Final OD, Final Angle",
22,35,,Bevel Grinding,Bevel Grinding,
23,36,,Cutting,Cutting,
23,36,,U Drilling,Core Drilling,
23,36,,CNC Blanking - 1,"Clamp the job from OD - Perform - Facing, Boring, Partial OD Turning",
23,36,,CNC Blanking - 2,Facing+Partial OD Turning,
23,36,,CNC Blanking - 3,"Clamp the job from OD - Perform - Facing, Boring, Partial OD Turning",
23,36,,CNC Blanking - 4,OD Turning,
23,36,,Profile Digging,Profile Digging,
23,36,,Profile Finishing,Profile Finishing,
23,36,,Drilling,Drilling,
23,36,,Taping,Taping,
23,36,,Counter,Counter,
23,36,,Thread Milling,Thread Milling,
23,36,,Hard Milling,Hard Milling,
23,36,,Keyway Slotting,Keyway Slotting,
23,36,,Round Keyway Milling,Round Keyway Milling,
23,36,,Keyway Chamfering,Keyway Chamfering,
23,36,,PHT Inspection,PHT Inspection,
23,36,,Heat Treatment,Heat Treatment,
23,36,,Thickness Grinding Single Side Only,Thickness Grinding Single Side Only,
23,36,,Thickness Grinding Both Side,Thickness Grinding Both Side,
23,36,,Bore Turning With Under Cut - Single Side,Bore Turning With Under Cut - Single Side,
23,36,,Bore Turning Both Side,Bore Turning Both Side,
23,36,,Bore Grinding with Under Cut - Single Side,Bore Grinding with Under Cut - Single Side,
23,36,,Bore Grinding Both Side,Bore Grinding Both Side,
23,36,,Keyway Wirecut,Keyway Wirecut,
23,36,,Bearing Seat - Single Side,Bearing Seat - Single Side,
23,36,,Plain Bore Turning Both Side,Plain Bore Turning Both Side,
23,36,,Plain Bore Turning with Under Cut - Single Side,Plain Bore Turning with Under Cut - Single Side,
23,36,,Bore Turning with Keyway - Both Side,Bore Turning with Keyway - Both Side,
23,36,,Bore Turning with Keyway & Under Cut - Single Side,Bore Turning with Keyway & Under Cut - Single Side,
23,36,,Thickness Turning - Single Side,Thickness Turning - Single Side,
23,36,,Hard Turning Profile,Hard Turning Profile - 1,
23,36,,Hard Turning Profile Matching on CNC,Hard Turning Profile Matching on CNC,
23,36,,Rib Thickness/Boss OD - Both Side,Rib Thickness/Boss OD - Both Side,
23,36,,Template Matching,Template Matching,
23,36,,"Final OD, Final Angle","Final OD, Final Angle",
23,36,,Bevel Grinding,Bevel Grinding,
24,37,,Cutting,Cutting,
24,37,,U Drilling,Core Drilling,
24,37,,CNC Blanking - 1,"Clamp the job from OD - Perform - Facing, Boring, Partial OD Turning",
24,37,,CNC Blanking - 2,Facing+Partial OD Turning,
24,37,,CNC Blanking - 3,"Clamp the job from OD - Perform - Facing, Boring, Partial OD Turning",
24,37,,CNC Blanking - 4,OD Turning,
24,37,,Profile Digging,Profile Digging,
24,37,,Profile Finishing,Profile Finishing,
24,37,,Drilling,Drilling,
24,37,,Taping,Taping,
24,37,,Counter,Counter,
24,37,,Thread Milling,Thread Milling,
24,37,,Hard Milling,Hard Milling,
24,37,,Keyway Slotting,Keyway Slotting,
24,37,,Round Keyway Milling,Round Keyway Milling,
24,37,,Keyway Chamfering,Keyway Chamfering,
24,37,,PHT Inspection,PHT Inspection,
24,37,,Heat Treatment,Heat Treatment,
24,37,,Thickness Grinding Single Side Only,Thickness Grinding Single Side Only,
24,37,,Thickness Grinding Both Side,Thickness Grinding Both Side,
24,37,,Bore Turning With Under Cut - Single Side,Bore Turning With Under Cut - Single Side,
24,37,,Bore Turning Both Side,Bore Turning Both Side,
24,37,,Bore Grinding with Under Cut - Single Side,Bore Grinding with Under Cut - Single Side,
24,37,,Bore Grinding Both Side,Bore Grinding Both Side,
24,37,,Keyway Wirecut,Keyway Wirecut,
24,37,,Bearing Seat - Single Side,Bearing Seat - Single Side,
24,37,,Plain Bore Turning Both Side,Plain Bore Turning Both Side,
24,37,,Plain Bore Turning with Under Cut - Single Side,Plain Bore Turning with Under Cut - Single Side,
24,37,,Bore Turning with Keyway - Both Side,Bore Turning with Keyway - Both Side,
24,37,,Bore Turning with Keyway & Under Cut - Single Side,Bore Turning with Keyway & Under Cut - Single Side,
24,37,,Thickness Turning - Single Side,Thickness Turning - Single Side,
24,37,,Hard Turning Profile,Hard Turning Profile - 1,
24,37,,Hard Turning Profile Matching on CNC,Hard Turning Profile Matching on CNC,
24,37,,Rib Thickness/Boss OD - Both Side,Rib Thickness/Boss OD - Both Side,
24,37,,Template Matching,Template Matching,
24,37,,"Final OD, Final Angle","Final OD, Final Angle",
24,37,,Bevel Grinding,Bevel Grinding,
27,40,,Cutting,Cutting,
27,40,,U Drilling,Core Drilling,
27,40,,CNC Blanking - 1,"Clamp the job from OD - Perform - Facing, Boring, Partial OD Turning",
27,40,,CNC Blanking - 2,Facing+Partial OD Turning,
27,40,,CNC Blanking - 3,"Clamp the job from OD - Perform - Facing, Boring, Partial OD Turning",
27,40,,CNC Blanking - 4,OD Turning,
27,40,,Profile Digging,Profile Digging,
27,40,,Profile Finishing,Profile Finishing,
27,40,,Drilling,Drilling,
27,40,,Taping,Taping,
27,40,,Counter,Counter,
27,40,,Thread Milling,Thread Milling,
27,40,,Hard Milling,Hard Milling,
27,40,,Keyway Slotting,Keyway Slotting,
27,40,,Round Keyway Milling,Round Keyway Milling,
27,40,,Keyway Chamfering,Keyway Chamfering,
27,40,,PHT Inspection,PHT Inspection,
27,40,,Heat Treatment,Heat Treatment,
27,40,,Thickness Grinding Single Side Only,Thickness Grinding Single Side Only,
27,40,,Thickness Grinding Both Side,Thickness Grinding Both Side,
27,40,,Bore Turning With Under Cut - Single Side,Bore Turning With Under Cut - Single Side,
27,40,,Bore Turning Both Side,Bore Turning Both Side,
27,40,,Bore Grinding with Under Cut - Single Side,Bore Grinding with Under Cut - Single Side,
27,40,,Bore Grinding Both Side,Bore Grinding Both Side,
27,40,,Keyway Wirecut,Keyway Wirecut,
27,40,,Bearing Seat - Single Side,Bearing Seat - Single Side,
27,40,,Plain Bore Turning Both Side,Plain Bore Turning Both Side,
27,40,,Plain Bore Turning with Under Cut - Single Side,Plain Bore Turning with Under Cut - Single Side,
27,40,,Bore Turning with Keyway - Both Side,Bore Turning with Keyway - Both Side,
27,40,,Bore Turning with Keyway & Under Cut - Single Side,Bore Turning with Keyway & Under Cut - Single Side,
27,40,,Thickness Turning - Single Side,Thickness Turning - Single Side,
27,40,,Hard Turning Profile,Hard Turning Profile - 1,
27,40,,Hard Turning Profile Matching on CNC,Hard Turning Profile Matching on CNC,
27,40,,Rib Thickness/Boss OD - Both Side,Rib Thickness/Boss OD - Both Side,
27,40,,Template Matching,Template Matching,
27,40,,"Final OD, Final Angle","Final OD, Final Angle",
27,40,,Bevel Grinding,Bevel Grinding,
28,41,,Cutting,Cutting,
28,41,,U Drilling,Core Drilling,
28,41,,CNC Blanking - 1,"Clamp the job from OD - Perform - Facing, Boring, Partial OD Turning",
28,41,,CNC Blanking - 2,Facing+Partial OD Turning,
28,41,,CNC Blanking - 3,"Clamp the job from OD - Perform - Facing, Boring, Partial OD Turning",
28,41,,CNC Blanking - 4,OD Turning,
28,41,,Profile Digging,Profile Digging,
28,41,,Profile Finishing,Profile Finishing,
28,41,,Drilling,Drilling,
28,41,,Taping,Taping,
28,41,,Counter,Counter,
28,41,,Thread Milling,Thread Milling,
28,41,,Hard Milling,Hard Milling,
28,41,,Keyway Slotting,Keyway Slotting,
28,41,,Round Keyway Milling,Round Keyway Milling,
28,41,,Keyway Chamfering,Keyway Chamfering,
28,41,,PHT Inspection,PHT Inspection,
28,41,,Heat Treatment,Heat Treatment,
28,41,,Thickness Grinding Single Side Only,Thickness Grinding Single Side Only,
28,41,,Thickness Grinding Both Side,Thickness Grinding Both Side,
28,41,,Bore Turning With Under Cut - Single Side,Bore Turning With Under Cut - Single Side,
28,41,,Bore Turning Both Side,Bore Turning Both Side,
28,41,,Bore Grinding with Under Cut - Single Side,Bore Grinding with Under Cut - Single Side,
28,41,,Bore Grinding Both Side,Bore Grinding Both Side,
28,41,,Keyway Wirecut,Keyway Wirecut,
28,41,,Bearing Seat - Single Side,Bearing Seat - Single Side,
28,41,,Plain Bore Turning Both Side,Plain Bore Turning Both Side,
28,41,,Plain Bore Turning with Under Cut - Single Side,Plain Bore Turning with Under Cut - Single Side,
28,41,,Bore Turning with Keyway - Both Side,Bore Turning with Keyway - Both Side,
28,41,,Bore Turning with Keyway & Under Cut - Single Side,Bore Turning with Keyway & Under Cut - Single Side,
28,41,,Thickness Turning - Single Side,Thickness Turning - Single Side,
28,41,,Hard Turning Profile,Hard Turning Profile - 1,
28,41,,Hard Turning Profile Matching on CNC,Hard Turning Profile Matching on CNC,
28,41,,Rib Thickness/Boss OD - Both Side,Rib Thickness/Boss OD - Both Side,
28,41,,Template Matching,Template Matching,
28,41,,"Final OD, Final Angle","Final OD, Final Angle",
28,41,,Bevel Grinding,Bevel Grinding,
29,42,,Cutting,Cutting,
29,42,,U Drilling,Core Drilling,
29,42,,CNC Blanking - 1,"Clamp the job from OD - Perform - Facing, Boring, Partial OD Turning",
29,42,,CNC Blanking - 2,Facing+Partial OD Turning,
29,42,,CNC Blanking - 3,"Clamp the job from OD - Perform - Facing, Boring, Partial OD Turning",
29,42,,CNC Blanking - 4,OD Turning,
29,42,,Profile Digging,Profile Digging,
29,42,,Profile Finishing,Profile Finishing,
29,42,,Drilling,Drilling,
29,42,,Taping,Taping,
29,42,,Counter,Counter,
29,42,,Thread Milling,Thread Milling,
29,42,,Hard Milling,Hard Milling,
29,42,,Keyway Slotting,Keyway Slotting,
29,42,,Round Keyway Milling,Round Keyway Milling,
29,42,,Keyway Chamfering,Keyway Chamfering,
29,42,,PHT Inspection,PHT Inspection,
29,42,,Heat Treatment,Heat Treatment,
29,42,,Thickness Grinding Single Side Only,Thickness Grinding Single Side Only,
29,42,,Thickness Grinding Both Side,Thickness Grinding Both Side,
29,42,,Bore Turning With Under Cut - Single Side,Bore Turning With Under Cut - Single Side,
29,42,,Bore Turning Both Side,Bore Turning Both Side,
29,42,,Bore Grinding with Under Cut - Single Side,Bore Grinding with Under Cut - Single Side,
29,42,,Bore Grinding Both Side,Bore Grinding Both Side,
29,42,,Keyway Wirecut,Keyway Wirecut,
29,42,,Bearing Seat - Single Side,Bearing Seat - Single Side,
29,42,,Plain Bore Turning Both Side,Plain Bore Turning Both Side,
29,42,,Plain Bore Turning with Under Cut - Single Side,Plain Bore Turning with Under Cut - Single Side,
29,42,,Bore Turning with Keyway - Both Side,Bore Turning with Keyway - Both Side,
29,42,,Bore Turning with Keyway & Under Cut - Single Side,Bore Turning with Keyway & Under Cut - Single Side,
29,42,,Thickness Turning - Single Side,Thickness Turning - Single Side,
29,42,,Hard Turning Profile,Hard Turning Profile - 1,
29,42,,Hard Turning Profile Matching on CNC,Hard Turning Profile Matching on CNC,
29,42,,Rib Thickness/Boss OD - Both Side,Rib Thickness/Boss OD - Both Side,
29,42,,Template Matching,Template Matching,
29,42,,"Final OD, Final Angle","Final OD, Final Angle",
29,42,,Bevel Grinding,Bevel Grinding,
