product_master_id,subproduct_id,operation_id,operation_name,sub_operations
30,43,,Cutting,Cutting
30,43,,Radial Parting,Radial Parting
30,43,,Axial Parting,Axial Parting
30,43,,Ring Parting,Ring Parting
30,43,,U Drilling,U Drilling
30,43,,CNC Blanking Disc Form - 1,CNC Blanking Disc Form - 1
30,43,,CNC Blanking Disc Form - 2,CNC Blanking Disc Form - 2
30,43,,CNC Blanking Ring Form - 1,CNC Blanking Ring Form - 1
30,43,,CNC Blanking Ring Form - 2,CNC Blanking Ring Form - 2
30,43,,Milling Work,Milling Work
30,43,,Keyway Slotting,Keyway Slotting
30,43,,Round Keyway Milling,Round Keyway Milling
30,43,,Keyway Chamfering,Keyway Chamfering
30,43,,PHT Inspection,PHT Inspection
30,43,,Heat Treatment,Heat Treatment
30,43,,Rough Surface Grinding ,Rough Surface Grinding 
30,43,,Semi Final Thickness Grinding CNC,Semi Final Thickness Grinding CNC
30,43,,Fine Grinding,Fine Grinding
30,43,,Bore Grinding,Bore Grinding
30,44,,Cutting,Cutting
30,44,,Radial Parting,Radial Parting
30,44,,Axial Parting,Axial Parting
30,44,,Ring Parting,Ring Parting
30,44,,U Drilling,U Drilling
30,44,,CNC Blanking Disc Form - 1,CNC Blanking Disc Form - 1
30,44,,CNC Blanking Disc Form - 2,CNC Blanking Disc Form - 2
30,44,,CNC Blanking Ring Form - 1,CNC Blanking Ring Form - 1
30,44,,CNC Blanking Ring Form - 2,CNC Blanking Ring Form - 2
30,44,,Milling Work,Milling Work
30,44,,Keyway Slotting,Keyway Slotting
30,44,,Round Keyway Milling,Round Keyway Milling
30,44,,Keyway Chamfering,Keyway Chamfering
30,44,,PHT Inspection,PHT Inspection
30,44,,Heat Treatment,Heat Treatment
30,44,,Rough Surface Grinding ,Rough Surface Grinding 
30,44,,Semi Final Thickness Grinding CNC,Semi Final Thickness Grinding CNC
30,44,,Fine Grinding,Fine Grinding
30,44,,Bore Grinding,Bore Grinding
30,44,,Dirt Groove Machining,Dirt Groove Machining
30,44,,Dirt Groove Cleaning,Dirt Groove Cleaning
30,44,,Final Thickness Grinding - CNC,Final Thickness Grinding - CNC
30,44,,Lapping - 1,Coarse Lapping - 220 Rough Lapping - 320
30,44,,Lapping - 2,Finish Lapping - 600 - Surface Roughtness 0.4
30,44,,Lapping - 3,Fine Lapping -800 - Surface Roughtness 0.2
30,44,,Lapping - 4,Superfinishing-1000 - Surface Roughtness 0.1
30,44,,Metal OD Grinding,Metal OD Grinding
31,45,,Cutting,Cutting
31,45,,Radial Parting,Radial Parting
31,45,,Axial Parting,Axial Parting
31,45,,Ring Parting,Ring Parting
31,45,,U Drilling,U Drilling
31,45,,CNC Blanking Disc Form - 1,CNC Blanking Disc Form - 1
31,45,,CNC Blanking Disc Form - 2,CNC Blanking Disc Form - 2
31,45,,CNC Blanking Ring Form - 1,CNC Blanking Ring Form - 1
31,45,,CNC Blanking Ring Form - 2,CNC Blanking Ring Form - 2
31,45,,CNC Blanking - Deep Undercut,CNC Blanking - Deep Undercut
31,45,,CNC Blanking - Shallow Undercut,CNC Blanking - Shallow Undercut
31,45,,Milling Work,Milling Work
31,45,,Keyway Slotting,Keyway Slotting
31,45,,Round Keyway Milling,Round Keyway Milling
31,45,,Keyway Chamfering,Keyway Chamfering
31,45,,PHT Inspection,PHT Inspection
31,45,,Heat Treatment,Heat Treatment
31,45,,Rough Surface Grinding ,Rough Surface Grinding 
31,45,,Semi Final Thickness Grinding CNC,Semi Final Thickness Grinding CNC
31,45,,Fine Grinding - 1,Fine Grinding - 1
31,45,,Fine Grinding - 2,Fine Grinding - 2
31,45,,Bore Grinding,Bore Grinding
31,45,,Dirt Groove Machining,Dirt Groove Machining
31,45,,Dirt Groove Cleaning,Dirt Groove Cleaning
31,45,,Final Thickness Grinding,Final Thickness Grinding
31,45,,Metal OD Grinding,Metal OD Grinding
31,46,,Cutting,Cutting
31,46,,Radial Parting,Radial Parting
31,46,,Axial Parting,Axial Parting
31,46,,Ring Parting,Ring Parting
31,46,,U Drilling,U Drilling
31,46,,CNC Blanking Disc Form - 1,CNC Blanking Disc Form - 1
31,46,,CNC Blanking Disc Form - 2,CNC Blanking Disc Form - 2
31,46,,CNC Blanking Ring Form - 1,CNC Blanking Ring Form - 1
31,46,,CNC Blanking Ring Form - 2,CNC Blanking Ring Form - 2
31,46,,CNC Blanking - Deep Undercut,CNC Blanking - Deep Undercut
31,46,,CNC Blanking - Shallow Undercut,CNC Blanking - Shallow Undercut
31,46,,Milling Work,Milling Work
31,46,,Keyway Slotting,Keyway Slotting
31,46,,Round Keyway Milling,Round Keyway Milling
31,46,,Keyway Chamfering,Keyway Chamfering
31,46,,PHT Inspection,PHT Inspection
31,46,,Heat Treatment,Heat Treatment
31,46,,Rough Surface Grinding ,Rough Surface Grinding 
31,46,,Semi Final Thickness Grinding CNC,Semi Final Thickness Grinding CNC
31,46,,Fine Grinding - 1,Direct Black Job
31,46,,Fine Grinding - 2,Skin Cut Job
31,46,,Bore Grinding,Bore Grinding
31,46,,Dirt Groove Machining,Dirt Groove Machining
31,46,,Dirt Groove Cleaning,Dirt Groove Cleaning
31,46,,Final Thickness Grinding,Final Thickness Grinding
31,46,,Lapping - 1,Coarse Lapping - 220 Rough Lapping - 320
31,46,,Lapping - 2,Finish Lapping - 600 - Surface Roughtness 0.4
31,46,,Lapping - 3,Fine Lapping -800 - Surface Roughtness 0.2
31,46,,Metal OD Grinding,Metal OD Grinding
31,47,,Lapping - 1,Coarse Lapping - 220 Rough Lapping - 320
31,47,,Lapping - 2,Finish Lapping - 600 - Surface Roughtness 0.4
31,47,,Lapping - 3,Fine Lapping -800 - Surface Roughtness 0.2
31,47,,Metal OD Grinding,Metal OD Grinding
32,48,,Cutting,Cutting
32,48,,Radial Parting,Radial Parting
32,48,,Axial Parting,Axial Parting
32,48,,Ring Parting,Ring Parting
32,48,,U Drilling,U Drilling
32,48,,CNC Blanking Disc Form - 1,CNC Blanking Disc Form - 1
32,48,,CNC Blanking Disc Form - 2,CNC Blanking Disc Form - 2
32,48,,CNC Blanking Ring Form - 1,CNC Blanking Ring Form - 1
32,48,,CNC Blanking Ring Form - 2,CNC Blanking Ring Form - 2
32,48,,CNC Blanking - OD Grooving,CNC Blanking - OD Grooving
32,48,,CNC Blanking - Deep Undercut,CNC Blanking - Deep Undercut
32,48,,CNC Blanking - Shallow Undercut,CNC Blanking - Shallow Undercut
32,48,,Milling Work,Milling Work
32,48,,Keyway Slotting,Keyway Slotting
32,48,,Round Keyway Milling,Round Keyway Milling
32,48,,Keyway Chamfering,Keyway Chamfering
32,48,,PHT Inspection,PHT Inspection
32,48,,Heat Treatment,Heat Treatment
32,48,,Rough Surface Grinding ,Rough Surface Grinding
32,48,,Semi Final Thickness Grinding CNC,Semi Final Thickness Grinding CNC
32,48,,Fine Grinding - 1,Direct Black Job
32,48,,Fine Grinding - 2,Skin Cut Job
32,48,,Bore Grinding,Bore Grinding
32,48,,Dirt Groove Machining,Dirt Groove Machining
32,48,,Dirt Groove Cleaning,Dirt Groove Cleaning
32,48,,Final Thickness Grinding on CNC - 1,Final Thickness Grinding on CNC - 1
32,48,,Metal OD Grinding,Metal OD Grinding
32,48,,Rubber Vulcanization,Rubber Vulcanization
32,48,,Final Thickness Grinding on CNC - 2,Final Thickness Grinding on CNC - 2
32,48,,Rubber OD Grinding,Rubber OD Grinding
32,49,,Cutting,Cutting
32,49,,Radial Parting,Radial Parting
32,49,,Axial Parting,Axial Parting
32,49,,Ring Parting,Ring Parting
32,49,,U Drilling,U Drilling
32,49,,CNC Blanking Disc Form - 1,CNC Blanking Disc Form - 1
32,49,,CNC Blanking Disc Form - 2,CNC Blanking Disc Form - 2
32,49,,CNC Blanking Ring Form - 1,CNC Blanking Ring Form - 1
32,49,,CNC Blanking Ring Form - 2,CNC Blanking Ring Form - 2
32,49,,CNC Blanking - OD Grooving,CNC Blanking - OD Grooving
32,49,,CNC Blanking - Deep Undercut,CNC Blanking - Deep Undercut
32,49,,CNC Blanking - Shallow Undercut,CNC Blanking - Shallow Undercut
32,49,,Milling Work,Milling Work
32,49,,Keyway Slotting,Keyway Slotting
32,49,,Round Keyway Milling,Round Keyway Milling
32,49,,Keyway Chamfering,Keyway Chamfering
32,49,,PHT Inspection,PHT Inspection
32,49,,Heat Treatment,Heat Treatment
32,49,,Rough Surface Grinding ,Rough Surface Grinding
32,49,,Semi Final Thickness Grinding CNC,Semi Final Thickness Grinding CNC
32,49,,Fine Grinding - 1,Direct Black Job
32,49,,Fine Grinding - 2,Skin Cut Job
32,49,,Bore Grinding,Bore Grinding
32,49,,Dirt Groove Machining,Dirt Groove Machining
32,49,,Dirt Groove Cleaning,Dirt Groove Cleaning
32,49,,Final Thickness Grinding on CNC,Final Thickness Grinding on CNC
32,49,,Lapping - 1,Coarse Lapping - 220 Rough Lapping - 320
32,49,,Lapping - 2,Finish Lapping - 600 - Surface Roughtness 0.4
32,49,,Lapping - 3,Fine Lapping -800 - Surface Roughtness 0.2
32,49,,Metal OD Grinding,Metal OD Grinding
32,49,,Rubber Vulcanization,Rubber Vulcanization
32,49,,Junction Grinding,Junction Grinding
32,49,,Rubber OD Grinding,Rubber OD Grinding
33,50,,Rubber Vulcanization,Rubber Vulcanization
34,51,,Cutting,Cutting
34,51,,Radial Parting,Radial Parting
34,51,,Axial Parting,Axial Parting
34,51,,Ring Parting,Ring Parting
34,51,,U Drilling,U Drilling
34,51,,CNC Blanking Disc Form - 1,CNC Blanking Disc Form - 1
34,51,,CNC Blanking Disc Form - 2,CNC Blanking Disc Form - 2
34,51,,CNC Blanking Ring Form - 1,CNC Blanking Ring Form - 1
34,51,,CNC Blanking Ring Form - 2,CNC Blanking Ring Form - 2
34,51,,CNC Blanking - Deep Undercut,CNC Blanking - Deep Undercut
34,51,,CNC Blanking - Shallow Undercut,CNC Blanking - Shallow Undercut
34,51,,Milling Work,Milling Work
34,51,,Keyway Slotting,Keyway Slotting
34,51,,Round Keyway Milling,Round Keyway Milling
34,51,,Keyway Chamfering,Keyway Chamfering
34,51,,PHT Inspection,PHT Inspection
34,51,,Heat Treatment,Heat Treatment
34,51,,Rough Surface Grinding ,Rough Surface Grinding
34,51,,Semi Final Thickness Grinding CNC,Semi Final Thickness Grinding CNC
34,51,,Fine Grinding - 1,Direct Black Job
34,51,,Fine Grinding - 2,Skin Cut Job
34,51,,Bore Grinding,Bore Grinding
34,51,,Dirt Groove Machining,Dirt Groove Machining
34,51,,Dirt Groove Cleaning,Dirt Groove Cleaning
34,51,,Final Thickness Grinding on CNC,Final Thickness Grinding on CNC
34,51,,Metal OD Grinding,Metal OD Grinding
34,52,,Cutting,Cutting
34,52,,Radial Parting,Radial Parting
34,52,,Axial Parting,Axial Parting
34,52,,Ring Parting,Ring Parting
34,52,,U Drilling,U Drilling
34,52,,CNC Blanking Disc Form - 1,CNC Blanking Disc Form - 1
34,52,,CNC Blanking Disc Form - 2,CNC Blanking Disc Form - 2
34,52,,CNC Blanking Ring Form - 1,CNC Blanking Ring Form - 1
34,52,,CNC Blanking Ring Form - 2,CNC Blanking Ring Form - 2
34,52,,CNC Blanking - Deep Undercut,CNC Blanking - Deep Undercut
34,52,,CNC Blanking - Shallow Undercut,CNC Blanking - Shallow Undercut
34,52,,Milling Work,Milling Work
34,52,,Keyway Slotting,Keyway Slotting
34,52,,Round Keyway Milling,Round Keyway Milling
34,52,,Keyway Chamfering,Keyway Chamfering
34,52,,PHT Inspection,PHT Inspection
34,52,,Heat Treatment,Heat Treatment
34,52,,Rough Surface Grinding ,Rough Surface Grinding
34,52,,Semi Final Thickness Grinding CNC,Semi Final Thickness Grinding CNC
34,52,,Fine Grinding - 1,Direct Black Job
34,52,,Fine Grinding - 2,Skin Cut Job
34,52,,Bore Grinding,Bore Grinding
34,52,,Dirt Groove Machining,Dirt Groove Machining
34,52,,Dirt Groove Cleaning,Dirt Groove Cleaning
34,52,,Final Thickness Grinding on CNC,Final Thickness Grinding on CNC
34,52,,Lapping - 1,Coarse Lapping - 220 Rough Lapping - 320
34,52,,Lapping - 2,Finish Lapping - 600 - Surface Roughtness 0.4
34,52,,Lapping - 3,Fine Lapping -800 - Surface Roughtness 0.2
34,52,,Metal OD Grinding,Metal OD Grinding
35,53,,Cutting,Cutting
35,53,,U Drilling,U Drilling
35,53,,CNC Blanking Disc Form - 1,CNC Blanking Disc Form - 1
35,53,,CNC Blanking Disc Form - 2,CNC Blanking Disc Form - 2
35,53,,Milling Work,Milling Work
35,53,,Keyway Slotting,Keyway Slotting
35,53,,Round Keyway Milling,Round Keyway Milling
35,53,,Keyway Chamfering,Keyway Chamfering
35,53,,PHT Inspection,PHT Inspection
35,53,,Heat Treatment,Heat Treatment
35,53,,Rough Surface Grinding ,Rough Surface Grinding
35,53,,Semi Final Thickness Grinding CNC,Semi Final Thickness Grinding CNC
35,53,,Fine Grinding - 1,Direct Black Job
35,53,,Fine Grinding - 2,Skin Cut Job
35,53,,Bore Grinding,Bore Grinding
35,53,,Final Thickness Grinding on CNC,Final Thickness Grinding on CNC
35,53,,Bevel Grinding,Bevel Grinding
35,53,,Hard Turning,Hard Turning
35,53,,Metal OD Grinding,Metal OD Grinding
35,53,,Plating Job Work,Plating Job Work
35,53,,Polishing Job Work,Polishing Job Work
36,54,,Cutting,Cutting
36,54,,U Drilling,U Drilling
36,54,,CNC Blanking Disc Form - 1,CNC Blanking Disc Form - 1
36,54,,CNC Blanking Disc Form - 2,CNC Blanking Disc Form - 2
36,54,,Milling Work,Milling Work
36,54,,Keyway Slotting,Keyway Slotting
36,54,,Round Keyway Milling,Round Keyway Milling
36,54,,Keyway Chamfering,Keyway Chamfering
36,54,,PHT Inspection,PHT Inspection
36,54,,Heat Treatment,Heat Treatment
36,54,,Semi Final Thickness Grinding CNC,Semi Final Thickness Grinding CNC
36,54,,Fine Grinding,Skin Cut Job
36,54,,Bore Grinding,Bore Grinding
36,54,,Final Thickness Grinding on CNC,Final Thickness Grinding on CNC
36,54,,Bevel Grinding,Bevel Grinding
36,54,,Hard Turning,Hard Turning
36,54,,Metal OD Grinding,Metal OD Grinding
37,55,,Cutting,Cutting
37,55,,U Drilling,U Drilling
37,55,,CNC Blanking Disc Form - 1,CNC Blanking Disc Form - 1
37,55,,CNC Blanking Disc Form - 2,CNC Blanking Disc Form - 2
37,55,,Milling Work,Milling Work
37,55,,Keyway Slotting,Keyway Slotting
37,55,,Round Keyway Milling,Round Keyway Milling
37,55,,Keyway Chamfering,Keyway Chamfering
37,55,,PHT Inspection,PHT Inspection
37,55,,Heat Treatment,Heat Treatment
37,55,,Rough Surface Grinding ,Rough Surface Grinding
37,55,,Semi Final Thickness Grinding CNC,Semi Final Thickness Grinding CNC
37,55,,Fine Grinding - 1,Direct Black Job
37,55,,Fine Grinding - 2,Skin Cut Job
37,55,,Bore Grinding,Bore Grinding
37,55,,Final Thickness Grinding on CNC,Final Thickness Grinding on CNC
37,55,,Bevel Grinding,Bevel Grinding
37,55,,Hard Turning,Hard Turning
37,55,,Metal OD Grinding,Metal OD Grinding
38,56,,Cutting,Cutting
38,56,,Blanking Job Work,Blanking Job Work
38,56,,Milling Work,Milling Work
38,56,,PHT Inspection,PHT Inspection
38,56,,Heat Treatment,Heat Treatment
38,56,,Hard Turning,Hard Turning
38,56,,Hard Turning Job Work - I,Hard Turning Job Work - 1
38,56,,Metal OD Grinding,Metal OD Grinding
39,57,,Cutting,Cutting
39,57,,Blanking Job Work,Blanking Job Work
39,57,,Milling Work,Milling Work
39,57,,PHT Inspection,PHT Inspection
39,57,,Heat Treatment,Heat Treatment
39,57,,Hard Turning,Hard Turning
39,57,,Hard Turning Job Work - I,Hard Turning Job Work - 1
39,57,,Metal OD Grinding,Metal OD Grinding
40,58,,Cutting,Cutting
40,58,,Blanking Job Work,Blanking Job Work
40,58,,Milling Work,Milling Work
40,58,,PHT Inspection,PHT Inspection
40,58,,Heat Treatment,Heat Treatment
40,58,,Hard Turning,Hard Turning
40,58,,Hard Turning Job Work - I,Hard Turning Job Work - 1
40,58,,Metal OD Grinding,Metal OD Grinding
41,59,,Cutting,Cutting
41,59,,Blanking Job Work,Blanking Job Work
41,59,,Milling Work,Milling Work
41,59,,PHT Inspection,PHT Inspection
41,59,,Heat Treatment,Heat Treatment
41,59,,Hard Turning,Hard Turning
41,59,,Hard Turning Job Work - I,Hard Turning Job Work - 1
41,59,,Metal OD Grinding,Metal OD Grinding
42,60,,Cutting,Cutting
42,60,,Blanking Job Work,Blanking Job Work
42,60,,Milling Work,Milling Work
42,60,,PHT Inspection,PHT Inspection
42,60,,Heat Treatment,Heat Treatment
42,60,,Hard Turning,Hard Turning
42,60,,Hard Turning Job Work - I,Hard Turning Job Work - 1
42,60,,Metal OD Grinding,Metal OD Grinding
43,61,,Cutting,Cutting
43,61,,Blanking Job Work,Blanking Job Work
43,61,,Milling Work,Milling Work
43,61,,PHT Inspection,PHT Inspection
43,61,,Heat Treatment,Heat Treatment
43,61,,Hard Turning,Hard Turning
43,61,,Hard Turning Job Work - I,Hard Turning Job Work - 1
43,61,,Metal OD Grinding,Metal OD Grinding
